id,lesson_id,question_id,position
3095,781822617,1,1
3096,781822617,2,2
3097,781822617,3,3
3098,781822617,4,4
3099,781822617,5,5
3100,781822617,6,6
3101,781822617,7,7
3102,781822617,8,8
3103,781822617,9,9
3104,781822617,10,10
3105,2727718540,11,1
3106,2727718540,12,2
3107,2727718540,13,3
3108,2727718540,14,4
3109,2727718540,15,5
3110,2727718540,16,6
3111,2727718540,17,7
3112,2727718540,18,8
3113,2727718540,19,9
3114,2727718540,20,10
3115,2727718540,21,11
3116,2727718540,22,12
3117,2727718540,23,13
3118,1295251401,24,1
3119,1295251401,25,2
3120,1295251401,26,3
3121,1295251401,27,4
3122,1295251401,28,5
3123,3685813449,29,1
3124,3685813449,30,2
3125,3685813449,31,3
3126,3685813449,32,4
3127,3685813449,33,5
3128,3685813449,34,6
3129,3685813449,35,7
3130,3685813449,36,8
3131,3685813449,37,9
3132,3685813449,38,10
3133,2888989471,39,1
3134,2888989471,40,2
3135,2888989471,41,3
3136,2888989471,42,4
3137,2888989471,43,5
3138,2888989471,44,6
3139,2888989471,45,7
3140,2888989471,46,8
3141,2888989471,47,9
3142,2888989471,48,10
3143,1930966851,49,1
3144,1930966851,50,2
3145,1930966851,51,3
3146,1930966851,52,4
3147,1930966851,53,5
3148,1930966851,54,6
3149,1930966851,55,7
3150,1930966851,56,8
3151,1930966851,57,9
3152,2768641799,58,1
3153,2768641799,59,2
3154,2768641799,60,3
3155,2768641799,61,4
3156,2768641799,62,5
3157,2768641799,63,6
3158,2768641799,64,7
3159,2768641799,65,8
3160,2768641799,66,9
3161,2027312779,67,1
3162,2027312779,68,2
3163,2027312779,69,3
3164,2027312779,70,4
3165,2027312779,71,5
3166,2027312779,72,6
3167,2027312779,73,7
3168,2027312779,74,8
3169,2027312779,75,9
3170,2027312779,76,10
3171,2027312779,77,11
3172,2027312779,78,12
3173,2027312779,79,13
3174,2027312779,80,14
3175,1251066844,81,1
3176,1251066844,82,2
3177,1251066844,83,3
3178,1251066844,84,4
3179,1251066844,85,5
3180,1251066844,86,6
3181,1251066844,87,7
3182,1251066844,88,8
3183,1251066844,89,9
3184,157990508,90,1
3185,157990508,91,2
3186,157990508,92,3
3187,157990508,93,4
3188,157990508,94,5
3189,157990508,95,6
3190,157990508,96,7
3191,157990508,97,8
3192,157990508,98,9
3193,157990508,99,10
3194,157990508,100,11
3195,157990508,101,12
3196,157990508,102,13
3197,157990508,103,14
3198,157990508,104,15
3199,157990508,105,16
3200,157990508,106,17
3201,157990508,107,18
3202,157990508,108,19
3203,157990508,109,20
3204,157990508,110,21
3205,3891774532,111,1
3206,3891774532,112,2
3207,3891774532,113,3
3208,3891774532,114,4
3209,1739879824,115,1
3210,1739879824,116,2
3211,1739879824,117,3
3212,1739879824,118,4
3213,1739879824,119,5
3214,1739879824,120,6
3215,1739879824,121,7
3216,1739879824,122,8
3217,1739879824,123,9
3218,1739879824,124,10
3219,1739879824,125,11
3220,1739879824,126,12
3221,1739879824,127,13
3222,1739879824,128,14
3223,1176507067,129,1
3224,1176507067,130,2
3225,1176507067,131,3
3226,1176507067,132,4
3227,1176507067,133,5
3228,1176507067,134,6
3229,1176507067,135,7
3230,1176507067,136,8
3231,4008464310,137,1
3232,4008464310,138,2
3233,4008464310,139,3
3234,4008464310,140,4
3235,4008464310,141,5
3236,4008464310,142,6
3237,4008464310,143,7
3238,4008464310,144,8
3239,4008464310,145,9
3240,4008464310,146,10
3241,4008464310,147,11
3242,4008464310,148,12
3243,4042898330,149,1
3244,4042898330,150,2
3245,4042898330,151,3
3246,4042898330,152,4
3247,4042898330,153,5
3248,4042898330,154,6
3249,4042898330,155,7
3250,4042898330,156,8
3251,4042898330,157,9
3252,4042898330,158,10
3253,4042898330,159,11
3254,4042898330,160,12
3255,4042898330,161,13
3256,4042898330,162,14
3257,2427013110,163,1
3258,2427013110,164,2
3259,2427013110,165,3
3260,2427013110,166,4
3261,2427013110,167,5
3262,2427013110,168,6
3263,2427013110,169,7
3264,2427013110,170,8
3265,2427013110,171,9
3266,2427013110,172,10
3267,2427013110,173,11
3268,2427013110,174,12
3269,2427013110,175,13
3270,2427013110,176,14
3271,2427013110,177,15
3272,2427013110,178,16
3273,2427013110,179,17
3274,2427013110,180,18
3275,2427013110,181,19
3276,2427013110,182,20
3277,2427013110,183,21
3278,2427013110,184,22
3279,1320813483,185,1
3280,1320813483,186,2
3281,1320813483,187,3
3282,3082398315,188,1
3283,3082398315,189,2
3284,3082398315,190,3
3285,3082398315,191,4
3286,3082398315,192,5
3287,3082398315,193,6
3288,3082398315,194,7
3289,3082398315,195,8
3290,3082398315,196,9
3291,3082398315,197,10
3292,3082398315,198,11
3293,3082398315,199,12
3294,3082398315,200,13
3295,3082398315,201,14
3296,3082398315,202,15
3297,3082398315,203,16
3298,3082398315,204,17
3299,3082398315,205,18
3300,3082398315,206,19
3301,2697797242,207,1
3302,2697797242,208,2
3303,2697797242,209,3
3304,2697797242,210,4
3305,2697797242,211,5
3306,2697797242,212,6
3307,2697797242,213,7
3308,2697797242,214,8
3309,2697797242,215,9
3310,663140214,216,1
3311,663140214,217,2
3312,663140214,218,3
3313,663140214,219,4
3314,663140214,220,5
3315,663140214,221,6
3316,663140214,222,7
3317,663140214,223,8
3318,2089344509,224,1
3319,2089344509,225,2
3320,2089344509,226,3
3321,2089344509,227,4
3322,2089344509,228,5
3323,2089344509,229,6
3324,2089344509,230,7
3325,2089344509,231,8
3326,2089344509,232,9